Name,Ad Read Tracker,Contact Email,Contracts,Filmed and edited,Published,Status
Infinite Red,"Infinite Red 1 (https://www.notion.so/Infinite-Red-1-1057204a0c514e5086e94693173a7d91?pvs=21), Infinite Red 2 (https://www.notion.so/Infinite-Red-2-eeacb849f85642fc891ef2528e777639?pvs=21), Infinite Red 3 (https://www.notion.so/Infinite-Red-3-11bc26b3b4f98099bc75cf137797a07d?pvs=21), Infinite Red 4 CHRISTMAS (https://www.notion.so/Infinite-Red-4-CHRISTMAS-163c26b3b4f980a885c6c73123bd0d67?pvs=21), Infinite Red Jan 25-1 (https://www.notion.so/Infinite-Red-Jan-25-1-180c26b3b4f980c2a4aaeeff6bd11339?pvs=21), Infinite Red Feb 25-1 (https://www.notion.so/Infinite-Red-Feb-25-1-180c26b3b4f98008a3f1ea1cd8d353d9?pvs=21), Infinite Red Mar 25-1 (https://www.notion.so/Infinite-Red-Mar-25-1-180c26b3b4f980d29030e29a726ecb9c?pvs=21), Infinite Red Apr 25-1 (https://www.notion.so/Infinite-Red-Apr-25-1-180c26b3b4f980d7bf1cd02ae768f5fb?pvs=21), Infinite Red May 25-1 (https://www.notion.so/Infinite-Red-May-25-1-180c26b3b4f980c1af9dcd5145440dd4?pvs=21), Infinite Red Jun 25-1 (https://www.notion.so/Infinite-Red-Jun-25-1-180c26b3b4f98051a6e2d75e66d71fcd?pvs=21), Infinite Red Dec 25-1 (https://www.notion.so/Infinite-Red-Dec-25-1-184c26b3b4f9801d9dbdde7bb42a83d0?pvs=21), Infinite Red Oct 25-1 (https://www.notion.so/Infinite-Red-Oct-25-1-184c26b3b4f980e59899eda68c213ee6?pvs=21), Infinite Red Nov 25-2 (https://www.notion.so/Infinite-Red-Nov-25-2-184c26b3b4f980f59c16c53408283547?pvs=21), Infinite Red Oct 25-2 (https://www.notion.so/Infinite-Red-Oct-25-2-184c26b3b4f980caa3fbf2667c8af276?pvs=21), Infinite Red Nov 25-1 (https://www.notion.so/Infinite-Red-Nov-25-1-184c26b3b4f9803c902bf2cc79446399?pvs=21), Infinite Red Dec 25-1 (https://www.notion.so/Infinite-Red-Dec-25-1-184c26b3b4f980e4b615d27e3206e273?pvs=21)",jamon@infinite.red,Infinite red annual 2025 (https://www.notion.so/Infinite-red-annual-2025-268c26b3b4f9804fbe79f86f8546328b?pvs=21),11/16,11/16,Done
Unkey,"Unkey 1 (https://www.notion.so/Unkey-1-6917fc1b53ca49a6ac38b8b8392b87c6?pvs=21), Unkey 2 (https://www.notion.so/Unkey-2-c5526604f6814dd7b14aaa73f02da8c1?pvs=21), Unkey 3 CHRISTMAS (https://www.notion.so/Unkey-3-CHRISTMAS-163c26b3b4f9806eab52d2c62f1b1db0?pvs=21)",james@unkey.dev,,3/3,3/3,Done
Frontend Masters,"Frontend Masters 1 (https://www.notion.so/Frontend-Masters-1-a964c16b42e64f64a02ddf3f084764c8?pvs=21), Frontend Masters May 25-1 (https://www.notion.so/Frontend-Masters-May-25-1-1f5c26b3b4f980d58bffe2b54bc2b998?pvs=21), Frontend Masters Jun 25-1 (https://www.notion.so/Frontend-Masters-Jun-25-1-1f5c26b3b4f980b684a8f53fb955551b?pvs=21), Frontend Masters Jul 25-1 (https://www.notion.so/Frontend-Masters-Jul-25-1-1f5c26b3b4f98039bfa0d7b9b28791c5?pvs=21), Frontend Masters Aug 25-1 (https://www.notion.so/Frontend-Masters-Aug-25-1-1f5c26b3b4f9805d854dc8afd31e8661?pvs=21), Frontend Masters Sep 25-1 (https://www.notion.so/Frontend-Masters-Sep-25-1-1f5c26b3b4f980f6b7dceb351f7ca426?pvs=21), Frontend Masters Oct 25-1 (https://www.notion.so/Frontend-Masters-Oct-25-1-1f5c26b3b4f980babe6fc252adc1ccce?pvs=21)",marc@frontendmasters.com,Fe Masters 6 pack 2025 1 (https://www.notion.so/Fe-Masters-6-pack-2025-1-268c26b3b4f98064b5d3fb3cd1c4b7ee?pvs=21),7/7,7/7,Done
CodeRabbit,"Coderabbit 1 (https://www.notion.so/Coderabbit-1-eba4d03bc46c4015af9054b43a667ee9?pvs=21), Coderabbit 2 (https://www.notion.so/Coderabbit-2-7816bdd25c6d470c9aca47717b856111?pvs=21), Coderabbit 3 (https://www.notion.so/Coderabbit-3-15ac26b3b4f980f284a1e9c94c531a16?pvs=21), Coderabbit 4 (https://www.notion.so/Coderabbit-4-15ac26b3b4f980d4840cc5099b846f3d?pvs=21), Coderabbit 5 CHRISTMAS (https://www.notion.so/Coderabbit-5-CHRISTMAS-163c26b3b4f98092a955c31078d08100?pvs=21), Coderabbit 6 (https://www.notion.so/Coderabbit-6-16ec26b3b4f980268ce8ed52d4642c79?pvs=21), Coderabbit Jan 25-1 (https://www.notion.so/Coderabbit-Jan-25-1-180c26b3b4f9806b977dce8f7b3fd794?pvs=21), Coderabbit Feb 25-1 (https://www.notion.so/Coderabbit-Feb-25-1-180c26b3b4f98018a69af3208accc65f?pvs=21), Coderabbit Mar 25-1 (https://www.notion.so/Coderabbit-Mar-25-1-180c26b3b4f980a5b278ffdcc3337549?pvs=21), Coderabbit Apr 25-1 (https://www.notion.so/Coderabbit-Apr-25-1-184c26b3b4f980e38dc2ecf75a762d06?pvs=21), Coderabbit May 25-1 (https://www.notion.so/Coderabbit-May-25-1-184c26b3b4f98094aaced81300d9b6f7?pvs=21), Coderabbit Jun 25-1 (https://www.notion.so/Coderabbit-Jun-25-1-184c26b3b4f980608194c7e308fe0da8?pvs=21), Coderabbit Jul 25-1 (https://www.notion.so/Coderabbit-Jul-25-1-184c26b3b4f980338d7ce2250a08c6aa?pvs=21), Coderabbit Aug 25-1 (https://www.notion.so/Coderabbit-Aug-25-1-184c26b3b4f9805ba3d7e7eb711bf3fd?pvs=21), Coderabbit Mar 25-2 (https://www.notion.so/Coderabbit-Mar-25-2-1b9c26b3b4f980e39545c507ab01cfdc?pvs=21), Coderabbit Apr 25-2 (https://www.notion.so/Coderabbit-Apr-25-2-1b9c26b3b4f9801eb487d308b68a0db6?pvs=21), Coderabbit Aug 25-3 (https://www.notion.so/Coderabbit-Aug-25-3-1b9c26b3b4f9806d90c4fb3bfd79c75a?pvs=21), Coderabbit Jun 25-2 (https://www.notion.so/Coderabbit-Jun-25-2-1b9c26b3b4f98036bf4ef39fcc953013?pvs=21), Coderabbit Jul 25-2 (https://www.notion.so/Coderabbit-Jul-25-2-1b9c26b3b4f980e285e6e12e63159f8f?pvs=21), Coderabbit Aug 25-2 (https://www.notion.so/Coderabbit-Aug-25-2-1b9c26b3b4f98034b722f447db75d536?pvs=21), Coderabbit Jan 26-1 (https://www.notion.so/Coderabbit-Jan-26-1-2dec26b3b4f980a4a740d5ee85d4be1f?pvs=21), Coderabbit Jan 26-2 (https://www.notion.so/Coderabbit-Jan-26-2-2dec26b3b4f980bea562c3191e32d74b?pvs=21), Coderabbit Feb 26-1 (https://www.notion.so/Coderabbit-Feb-26-1-2dec26b3b4f98031b8f8ccefc660c197?pvs=21), Coderabbit Feb 26-2 (https://www.notion.so/Coderabbit-Feb-26-2-2dec26b3b4f9808bb830faaef0017fab?pvs=21), Coderabbit Mar 26-1 (https://www.notion.so/Coderabbit-Mar-26-1-2dec26b3b4f98054a29df7f06b4b445d?pvs=21), Coderabbit Mar 26-2 (https://www.notion.so/Coderabbit-Mar-26-2-2dec26b3b4f980008214ffc1f6d22b6a?pvs=21), Coderabbit Apr 26-1 (https://www.notion.so/Coderabbit-Apr-26-1-2dec26b3b4f980798cc4f7fd7d62dd69?pvs=21), Coderabbit Apr 26-2 (https://www.notion.so/Coderabbit-Apr-26-2-2dec26b3b4f980e88899c172e1eca38a?pvs=21), Coderabbit May 26-1 (https://www.notion.so/Coderabbit-May-26-1-2dec26b3b4f98049ab01e290a6f634c5?pvs=21), Coderabbit May 26-2 (https://www.notion.so/Coderabbit-May-26-2-2dec26b3b4f980e28378de57b7bac3b2?pvs=21), Coderabbit Jun 26-1 (https://www.notion.so/Coderabbit-Jun-26-1-2dec26b3b4f980ba88eae58ad9878ef2?pvs=21), Coderabbit Jun 26-2 (https://www.notion.so/Coderabbit-Jun-26-2-2dec26b3b4f98085b20af4551bf063c6?pvs=21)",gur@coderabbit.ai,"CodeRabbit 2 Pack 2024 (https://www.notion.so/CodeRabbit-2-Pack-2024-269c26b3b4f98044be67c2d02eb8a103?pvs=21), CodeRabbit 3 Pack 2024 (https://www.notion.so/CodeRabbit-3-Pack-2024-269c26b3b4f9802fb384f51ecc188de7?pvs=21), CodeRabbit 3 Pack Q1 2025 (https://www.notion.so/CodeRabbit-3-Pack-Q1-2025-269c26b3b4f9808a954aedcdff57b8a9?pvs=21), CodeRabbit Annual Q2 2025 (https://www.notion.so/CodeRabbit-Annual-Q2-2025-269c26b3b4f9803abb27f14821c0d0e7?pvs=21), CodeRabbit Annual Q3 2025 (https://www.notion.so/CodeRabbit-Annual-Q3-2025-269c26b3b4f98031a6dde3da442653f3?pvs=21), Coderabbit Gold Jan-Jun 2026 (https://www.notion.so/Coderabbit-Gold-Jan-Jun-2026-2dec26b3b4f9804fb36ac2b3fe6ea658?pvs=21)",20/32,19/32,Done
Blacksmith,"Blacksmith.sh 1 (https://www.notion.so/Blacksmith-sh-1-9156dd7dd1344fe1a868add72d7f6970?pvs=21), Blacksmith.sh 2 (https://www.notion.so/Blacksmith-sh-2-103c26b3b4f9805fa87fee7d04a00a30?pvs=21), Blacksmith.sh 3 (https://www.notion.so/Blacksmith-sh-3-103c26b3b4f980079579cbd880aa5a88?pvs=21), Blacksmith.sh 4 CHRISTMAS (https://www.notion.so/Blacksmith-sh-4-CHRISTMAS-163c26b3b4f980b59c78fc4b79617367?pvs=21), Blacksmith.sh Jan 25-1 (https://www.notion.so/Blacksmith-sh-Jan-25-1-186c26b3b4f9809bab50e99e985c00f4?pvs=21), Blacksmith.sh Feb 25-1 (https://www.notion.so/Blacksmith-sh-Feb-25-1-186c26b3b4f98058947adf9b66b27882?pvs=21), Blacksmith.sh Mar 25-1 (https://www.notion.so/Blacksmith-sh-Mar-25-1-186c26b3b4f98022b616da86ae89481f?pvs=21), Blacksmith.sh Apr 25-1 (https://www.notion.so/Blacksmith-sh-Apr-25-1-186c26b3b4f980c68877d3d644565eb1?pvs=21), Blacksmith.sh May 25-1 (https://www.notion.so/Blacksmith-sh-May-25-1-186c26b3b4f980229158ffb4242eee14?pvs=21), Blacksmith.sh Jun 25-1 (https://www.notion.so/Blacksmith-sh-Jun-25-1-186c26b3b4f98072b52bd247829b3b12?pvs=21), Blacksmith.sh Jul 25-1 (https://www.notion.so/Blacksmith-sh-Jul-25-1-186c26b3b4f980819285f654a926c3ff?pvs=21), Blacksmith.sh Aug 25-1 (https://www.notion.so/Blacksmith-sh-Aug-25-1-186c26b3b4f980d2a25ac3a80d5d1818?pvs=21), Blacksmith.sh Sep 25-1 (https://www.notion.so/Blacksmith-sh-Sep-25-1-186c26b3b4f9809b9861c10b33374b72?pvs=21), Blacksmith.sh Nov 25-1 (https://www.notion.so/Blacksmith-sh-Nov-25-1-186c26b3b4f9805dbfecfb6ebd250f29?pvs=21), Blacksmith.sh Oct 25-1 (https://www.notion.so/Blacksmith-sh-Oct-25-1-186c26b3b4f9803f83afc798051b9da0?pvs=21), Blacksmith.sh Dec 25-1 (https://www.notion.so/Blacksmith-sh-Dec-25-1-186c26b3b4f980988accd320e7cceb4f?pvs=21), Blacksmith.sh Jan 25-1 RERUN (https://www.notion.so/Blacksmith-sh-Jan-25-1-RERUN-199c26b3b4f98017b67ce4217af3eb08?pvs=21), Blacksmith.sh Jan 26-1 (https://www.notion.so/Blacksmith-sh-Jan-26-1-2dbc26b3b4f980cbb2fdd78d907b57d0?pvs=21), Blacksmith.sh Jan 26-2 (https://www.notion.so/Blacksmith-sh-Jan-26-2-2dbc26b3b4f98045bd36e05549ff9a4b?pvs=21), Blacksmith Feb 26-1 (https://www.notion.so/Blacksmith-Feb-26-1-2dbc26b3b4f9801ebfe0d6ad8118c894?pvs=21), Blacksmith Feb 26-2 (https://www.notion.so/Blacksmith-Feb-26-2-2dbc26b3b4f9803e9439f4948c959039?pvs=21), Blacksmith Mar 26-1 (https://www.notion.so/Blacksmith-Mar-26-1-2dbc26b3b4f980f9b736e1aa43ecf6d6?pvs=21), Blacksmith Mar 26-2 (https://www.notion.so/Blacksmith-Mar-26-2-2dbc26b3b4f980379e9ffe4ebe777ac8?pvs=21), Blacksmith Apr 26-1 (https://www.notion.so/Blacksmith-Apr-26-1-2dbc26b3b4f980a9beb9f020e56dad8d?pvs=21), Blacksmith Apr 26-2 (https://www.notion.so/Blacksmith-Apr-26-2-2dbc26b3b4f980babf22c2be116137b4?pvs=21), Blacksmith May 26-1 (https://www.notion.so/Blacksmith-May-26-1-2dbc26b3b4f980df815ac660ca5f5c71?pvs=21), Blacksmith May 26-2 (https://www.notion.so/Blacksmith-May-26-2-2dbc26b3b4f9809a80fced4864ed94f5?pvs=21), Blacksmith Jun 26-1 (https://www.notion.so/Blacksmith-Jun-26-1-2dbc26b3b4f980fca075e375ad67e3ba?pvs=21), Blacksmith Jun 26-2 (https://www.notion.so/Blacksmith-Jun-26-2-2dbc26b3b4f980249314e0086d8f49d4?pvs=21), Blacksmith.sh Jan 26-3 (https://www.notion.so/Blacksmith-sh-Jan-26-3-2dec26b3b4f980949e90f11a40ed2cd7?pvs=21), Blacksmith.sh Jan 26-4 (https://www.notion.so/Blacksmith-sh-Jan-26-4-2dec26b3b4f9800f89aeffb0a65656a2?pvs=21), Blacksmith Feb 26-3 (https://www.notion.so/Blacksmith-Feb-26-3-2dec26b3b4f9807dab58d172734cc904?pvs=21), Blacksmith Feb 26-4 (https://www.notion.so/Blacksmith-Feb-26-4-2dec26b3b4f9805fbc1bc2879c6d77e6?pvs=21), Blacksmith Mar 26-3 (https://www.notion.so/Blacksmith-Mar-26-3-2dec26b3b4f980a5970de6ac075ada83?pvs=21), Blacksmith Mar 26-4 (https://www.notion.so/Blacksmith-Mar-26-4-2dec26b3b4f9803188e4cd1f94440337?pvs=21), Blacksmith Apr 26-3 (https://www.notion.so/Blacksmith-Apr-26-3-2dec26b3b4f9806ab1add5df506f2694?pvs=21), Blacksmith Apr 26-4 (https://www.notion.so/Blacksmith-Apr-26-4-2dec26b3b4f980da9232fea35130f884?pvs=21), Blacksmith May 26-3 (https://www.notion.so/Blacksmith-May-26-3-2dec26b3b4f980209a51d6bd7d18988c?pvs=21), Blacksmith May 26-4 (https://www.notion.so/Blacksmith-May-26-4-2dec26b3b4f980d79173e685e466840a?pvs=21), Blacksmith Jun 26-3 (https://www.notion.so/Blacksmith-Jun-26-3-2dec26b3b4f980c4bac5ec3aedc09abe?pvs=21), Blacksmith Jun 26-4 (https://www.notion.so/Blacksmith-Jun-26-4-2dec26b3b4f980d2a399f3be7538df8b?pvs=21)",jp@blacksmith.sh,"Blacksmith 2025 annual (https://www.notion.so/Blacksmith-2025-annual-268c26b3b4f98051ace6f90757d79aa9?pvs=21), Blacksmith 2026 Plat Jan-Jun (https://www.notion.so/Blacksmith-2026-Plat-Jan-Jun-2dbc26b3b4f98051b3dceb5e0db3d75b?pvs=21)",18/41,18/41,Done
Epic React,"Epic Web 1 (https://www.notion.so/Epic-Web-1-1284dd1396c0448780af31a1b7eb7261?pvs=21), Epic Web 2 (https://www.notion.so/Epic-Web-2-104c26b3b4f98082b5abe673985c7efb?pvs=21), Epic Web 2.5 (https://www.notion.so/Epic-Web-2-5-159c26b3b4f980c380fac3379f6250ae?pvs=21)",joel@badass.dev,,3/3,3/3,Done
BrowserBase,"Browserbase 1 (https://www.notion.so/Browserbase-1-104c26b3b4f980208dc2d85e32cc90b9?pvs=21), Browserbase 2 (https://www.notion.so/Browserbase-2-104c26b3b4f9808f8147cbe3aa6ae6e9?pvs=21), Browserbase 3 (https://www.notion.so/Browserbase-3-104c26b3b4f980a9a4e2c70ff466da9b?pvs=21), Browserbase 4 (https://www.notion.so/Browserbase-4-104c26b3b4f980b3b866e703be94375b?pvs=21), Browserbase 5 (https://www.notion.so/Browserbase-5-104c26b3b4f980218beada08545f61e3?pvs=21), Browserbase 6 (https://www.notion.so/Browserbase-6-15cc26b3b4f980c49113c6ea130f07b0?pvs=21), Browserbase 7 CHRISTMAS (https://www.notion.so/Browserbase-7-CHRISTMAS-163c26b3b4f98091aab3cc04ea7ea669?pvs=21), Browserbase Apr 25-1 (https://www.notion.so/Browserbase-Apr-25-1-16ec26b3b4f980a5985ecc2191924aac?pvs=21), Browserbase May 25-1 (https://www.notion.so/Browserbase-May-25-1-16ec26b3b4f98005811bf7abfaeb1606?pvs=21), Browserbase Aug 25-1 (https://www.notion.so/Browserbase-Aug-25-1-202c26b3b4f98044911ad91aa2b274c6?pvs=21), Browserbase Oct 25-2 (https://www.notion.so/Browserbase-Oct-25-2-202c26b3b4f98090a1ded1e8259fa956?pvs=21), Browserbase Sep 25-1 (https://www.notion.so/Browserbase-Sep-25-1-202c26b3b4f98082867cf35d7af5564a?pvs=21), Browserbase Oct 25-1 (https://www.notion.so/Browserbase-Oct-25-1-202c26b3b4f980a7b30dcaabe86521bd?pvs=21)",paul@browserbase.com,"Browserbase 6 pack 2025 1 (https://www.notion.so/Browserbase-6-pack-2025-1-268c26b3b4f9804caea2ec9bffb8d4f6?pvs=21), Browserbase 6 Pack 2024 (https://www.notion.so/Browserbase-6-Pack-2024-269c26b3b4f980cc841ed51e37dac0ef?pvs=21)",13/13,13/13,Done
Clerk,"Clerk 1 (https://www.notion.so/Clerk-1-104c26b3b4f980cd9a16ff72cd6fd5fb?pvs=21), Clerk 2 (https://www.notion.so/Clerk-2-104c26b3b4f9804ab90afc1ced099062?pvs=21), Clerk 3 (https://www.notion.so/Clerk-3-02bb11e6dc58467ba77632c2b7798221?pvs=21), Clerk 4 CHRISTMAS (https://www.notion.so/Clerk-4-CHRISTMAS-163c26b3b4f980028873e6ef3c4ce4f5?pvs=21), Clerk Feb 25-1 (https://www.notion.so/Clerk-Feb-25-1-176c26b3b4f9805b91e3fbd6a56a5fb8?pvs=21), Clerk Jan 25-1 (https://www.notion.so/Clerk-Jan-25-1-176c26b3b4f980d39888f585b6ff578f?pvs=21), Clerk Mar 25-1 (https://www.notion.so/Clerk-Mar-25-1-176c26b3b4f980f8bc34f5c7790aa35b?pvs=21), Clerk Apr 25-1 (https://www.notion.so/Clerk-Apr-25-1-176c26b3b4f980b7abe0d00c35a2c63c?pvs=21), Clerk May 25-1 (https://www.notion.so/Clerk-May-25-1-176c26b3b4f980f7aaf5c8dd0fce6716?pvs=21), Clerk Jun 25-1 (https://www.notion.so/Clerk-Jun-25-1-176c26b3b4f980519b6bce85f4f8b62e?pvs=21), Clerk Jul 25-1 (https://www.notion.so/Clerk-Jul-25-1-184c26b3b4f980139693e80fe258b76b?pvs=21), Clerk Aug 25-1 (https://www.notion.so/Clerk-Aug-25-1-184c26b3b4f980188f9bc1321e3c22a6?pvs=21), Clerk Sep 25-1 (https://www.notion.so/Clerk-Sep-25-1-184c26b3b4f980488839cb0f5a83b1be?pvs=21), Clerk Oct 25-1 (https://www.notion.so/Clerk-Oct-25-1-184c26b3b4f9806d94acf8612a067eb1?pvs=21), Clerk Nov 25-1 (https://www.notion.so/Clerk-Nov-25-1-184c26b3b4f9802b983bd41688632c32?pvs=21), Clerk Dec 25-1 (https://www.notion.so/Clerk-Dec-25-1-184c26b3b4f980e3b2fffc8dc3054181?pvs=21)",nparsons@clerk.dev,Clerk annual 2025 (https://www.notion.so/Clerk-annual-2025-268c26b3b4f9807d87ddd9e07fbc95b4?pvs=21),16/16,16/16,Done
Bolt.new,"Stackblitz 1 (https://www.notion.so/Stackblitz-1-104c26b3b4f9807ea162f47313f0e93f?pvs=21), Stackblitz 2 (https://www.notion.so/Stackblitz-2-104c26b3b4f980578812ecf081e67734?pvs=21), Stackblitz 3 (https://www.notion.so/Stackblitz-3-104c26b3b4f980ebbd69d95f1cb56dbd?pvs=21), Stackblitz 4 (https://www.notion.so/Stackblitz-4-104c26b3b4f980cc9ee0fe9b2a484ed5?pvs=21), Stackblitz 5 (https://www.notion.so/Stackblitz-5-104c26b3b4f9805c9526cf887a774506?pvs=21), Bolt Apr 25-1 (https://www.notion.so/Bolt-Apr-25-1-163c26b3b4f9804da32acf6491693b65?pvs=21), Bolt May 25-1 (https://www.notion.so/Bolt-May-25-1-16ec26b3b4f980558100fce90870edb1?pvs=21)",eric@stackblitz.com,,7/7,7/7,Done
Zephyr,"Zephyr 1 (https://www.notion.so/Zephyr-1-116c26b3b4f980849f09fafa189e5708?pvs=21), Zephyr 2 (https://www.notion.so/Zephyr-2-116c26b3b4f9800b9956e9380a20f916?pvs=21)",zack@zephyr-cloud.io,,2/2,2/2,Done
Ahrefs,"Ahrefs 1 (https://www.notion.so/Ahrefs-1-105c26b3b4f980c3a18ffaf2d4658f13?pvs=21), Ahrefs 2 (https://www.notion.so/Ahrefs-2-105c26b3b4f980adaf76d7994d89b8c6?pvs=21), Ahrefs 3 CHRISTMAS (https://www.notion.so/Ahrefs-3-CHRISTMAS-163c26b3b4f9803f85e3ea371d6a5c17?pvs=21)",igor.gorbenko@ahrefs.com,,2/3,2/3,Done
AppWrite,"AppWrite 1 (https://www.notion.so/AppWrite-1-4a4c0d1c54c347aa9538cfa4e28a1f4d?pvs=21), AppWrite 2 (https://www.notion.so/AppWrite-2-ed53f89bf17a464dbc70113fc687f633?pvs=21), Appwrite 3 CHRISTMAS (https://www.notion.so/Appwrite-3-CHRISTMAS-163c26b3b4f980e6a342c3b5c09e6562?pvs=21)",dylan@appwrite.io,,3/3,3/3,Done
Convex,"Convex 1 (https://www.notion.so/Convex-1-105c26b3b4f980acaa5ad96f44f3e857?pvs=21), Convex 2 (https://www.notion.so/Convex-2-96ce86d72c9749228cebcdf47bdcbe0a?pvs=21), Convex 3 (https://www.notion.so/Convex-3-105c26b3b4f9802da305dea9f30ebee0?pvs=21), Convex 4 (https://www.notion.so/Convex-4-105c26b3b4f9806ca08ae502cf11b6de?pvs=21), Convex 5 (https://www.notion.so/Convex-5-105c26b3b4f980f59525c0ae7678ac18?pvs=21), Convex 6 CHRISTMAS (https://www.notion.so/Convex-6-CHRISTMAS-163c26b3b4f9807a91dfd2dfee289e8b?pvs=21), Convex Jan 25-1 (https://www.notion.so/Convex-Jan-25-1-180c26b3b4f9807988c1c7a9ca6b0ada?pvs=21), Convex Feb 25-1 (https://www.notion.so/Convex-Feb-25-1-180c26b3b4f98037a965ce6cb5551114?pvs=21), Convex Mar 25-1 (https://www.notion.so/Convex-Mar-25-1-180c26b3b4f9802cbbe1f2f0f2872d20?pvs=21), Convex Apr 25-1 (https://www.notion.so/Convex-Apr-25-1-186c26b3b4f9802f8448f089bdbbdb00?pvs=21), Convex May 25-1 (https://www.notion.so/Convex-May-25-1-186c26b3b4f9801aa2e7ccb1e463c5a2?pvs=21), Convex Jun 25-1 (https://www.notion.so/Convex-Jun-25-1-186c26b3b4f980a8a384f9efaf7c8491?pvs=21), Convex Jul 25-1 (https://www.notion.so/Convex-Jul-25-1-186c26b3b4f980a58a8ae3c6f101a6f4?pvs=21), Convex Aug 25-1 (https://www.notion.so/Convex-Aug-25-1-186c26b3b4f980fdb783f64c6874f428?pvs=21), Convex Sep 25-1 (https://www.notion.so/Convex-Sep-25-1-186c26b3b4f980d09fc0c744eabc3154?pvs=21), Convex Oct 25-1 (https://www.notion.so/Convex-Oct-25-1-186c26b3b4f98092a58dd7912cab7467?pvs=21), Convex Nov 25-1 (https://www.notion.so/Convex-Nov-25-1-186c26b3b4f980c2bc1df003084a5934?pvs=21), Convex Dec 25-1 (https://www.notion.so/Convex-Dec-25-1-186c26b3b4f980299e0cd9bf88c3ecb2?pvs=21), Convex Mar EXTRA (https://www.notion.so/Convex-Mar-EXTRA-1c2c26b3b4f980f3a3b4ca3def3adf62?pvs=21)",jamwt@convex.dev,Convex annual 2025 (https://www.notion.so/Convex-annual-2025-268c26b3b4f9806c9f79ed67da1cb03d?pvs=21),19/19,19/19,Done
Sevalla,"Sevalla (Kinsta) 1  (https://www.notion.so/Sevalla-Kinsta-1-118c26b3b4f9802198abcd1724b96cea?pvs=21), Sevalla (Kinsta) 2 (https://www.notion.so/Sevalla-Kinsta-2-11bc26b3b4f980c2bfaec71a2cb423b4?pvs=21), Sevalla 3 (https://www.notion.so/Sevalla-3-12ec26b3b4f980f6b4ecd7d441739629?pvs=21), Sevalla 4 (https://www.notion.so/Sevalla-4-12ec26b3b4f980e8b26ed2f7fb4799e2?pvs=21), Sevalla 5 (https://www.notion.so/Sevalla-5-12ec26b3b4f98071b577d27cb7914eb4?pvs=21), Sevalla 8 CHRISTMAS (https://www.notion.so/Sevalla-8-CHRISTMAS-163c26b3b4f9807e88c6d22d67ef51d0?pvs=21), Sevalla 6 (https://www.notion.so/Sevalla-6-12ec26b3b4f98084af87cee42ae93947?pvs=21), Sevalla 7 (https://www.notion.so/Sevalla-7-12ec26b3b4f980439d69c94274a7bf55?pvs=21), Sevalla Jan 25-1 (https://www.notion.so/Sevalla-Jan-25-1-16dc26b3b4f98021be01e311b3bba3a6?pvs=21), Sevalla Jan 25-1 (https://www.notion.so/Sevalla-Jan-25-1-180c26b3b4f9801ab2e6c365f5d838ab?pvs=21), Sevalla Feb 25-1 (https://www.notion.so/Sevalla-Feb-25-1-180c26b3b4f98009b823d6f12ec071a1?pvs=21), Sevalla Feb 25-2 (https://www.notion.so/Sevalla-Feb-25-2-180c26b3b4f9803fbc68fbc4b762baee?pvs=21), Sevalla Mar 25-1 (https://www.notion.so/Sevalla-Mar-25-1-180c26b3b4f9807dabc5ea94214628ce?pvs=21), Sevalla Mar 25-2 (https://www.notion.so/Sevalla-Mar-25-2-180c26b3b4f98049b6c8e3cc95e3fa8b?pvs=21), Sevalla May 25-2 (https://www.notion.so/Sevalla-May-25-2-184c26b3b4f98023a55fdf0572d596db?pvs=21), Sevalla Apr 25-2 (https://www.notion.so/Sevalla-Apr-25-2-184c26b3b4f980b08d8ec477d18cc884?pvs=21), Sevalla May 25-1 (https://www.notion.so/Sevalla-May-25-1-184c26b3b4f9809fa21adec8be6bfae7?pvs=21), Sevalla Apr 25-1 (https://www.notion.so/Sevalla-Apr-25-1-184c26b3b4f9800b9b6cfda5597512e4?pvs=21), Sevalla Jun 25-2 (https://www.notion.so/Sevalla-Jun-25-2-184c26b3b4f9807bacd9c57cc79cd404?pvs=21), Sevalla Jun 25-1 (https://www.notion.so/Sevalla-Jun-25-1-184c26b3b4f980baabd7c28c22d45eb2?pvs=21), Sevalla Jul 25-2 (https://www.notion.so/Sevalla-Jul-25-2-184c26b3b4f980a5ad08d8edfc63b25e?pvs=21), Sevalla Jul 25-1 (https://www.notion.so/Sevalla-Jul-25-1-184c26b3b4f9809c8658cef1af710fc4?pvs=21), Sevalla Aug 25-2 (https://www.notion.so/Sevalla-Aug-25-2-184c26b3b4f98057bcfef13d215dfc5c?pvs=21), Sevalla Aug 25-1 (https://www.notion.so/Sevalla-Aug-25-1-184c26b3b4f9801f8633e659b56b09b7?pvs=21), Sevalla Sep 25-2 (https://www.notion.so/Sevalla-Sep-25-2-184c26b3b4f980e4ae9cc8ee850f91ea?pvs=21), Sevalla Sep 25-1 (https://www.notion.so/Sevalla-Sep-25-1-184c26b3b4f980558212ed959457e034?pvs=21), Sevalla Jan 26-2 (https://www.notion.so/Sevalla-Jan-26-2-184c26b3b4f98063ad12c3406dccb881?pvs=21), Sevalla Jan 26-1 (https://www.notion.so/Sevalla-Jan-26-1-184c26b3b4f9803e8301eb8275cce05c?pvs=21), Sevalla Nov 25-2 (https://www.notion.so/Sevalla-Nov-25-2-184c26b3b4f980bdb9b0d1f3446a1fae?pvs=21), Sevalla Nov 25-1 (https://www.notion.so/Sevalla-Nov-25-1-184c26b3b4f980f59099ce04e6f77c8b?pvs=21), Sevalla Dec 25-2 (https://www.notion.so/Sevalla-Dec-25-2-184c26b3b4f9807c91c7fee977c05ace?pvs=21), Sevalla Dec 25-1 (https://www.notion.so/Sevalla-Dec-25-1-184c26b3b4f98040bbdceb5c214b3cd2?pvs=21)",peter@sevalla.com,Sevalla 2025 annual (https://www.notion.so/Sevalla-2025-annual-268c26b3b4f980ee95d3da3ba64c9701?pvs=21),29/32,29/32,Done
AG Grid,"AG Grid 1 (https://www.notion.so/AG-Grid-1-36b277d0af44415ea20d10c3789f4f05?pvs=21), AG Grid 2 (https://www.notion.so/AG-Grid-2-3a44a69addec4481b2bf3d0430999d84?pvs=21), AG Grid 3 CHRISTMAS (https://www.notion.so/AG-Grid-3-CHRISTMAS-163c26b3b4f980e7b041cbbd3707c4c8?pvs=21)",james.swinton-bland@ag-grid.com,,3/3,3/3,Done
CodeCrafters,"CodeCrafters 1 (https://www.notion.so/CodeCrafters-1-123c26b3b4f980109c65ef4f5dfea7c7?pvs=21), CodeCrafters 2 (https://www.notion.so/CodeCrafters-2-123c26b3b4f9808f91a9dfc2f880dce5?pvs=21)",sarup@codecrafters.io,,2/2,2/2,Done
Bright Data,"Bright Data 1 (https://www.notion.so/Bright-Data-1-10dc26b3b4f980188909e5a9172b056c?pvs=21), Bright Data 2 (https://www.notion.so/Bright-Data-2-10dc26b3b4f980ecab78cabfba20f33e?pvs=21), Bright Data 3 (https://www.notion.so/Bright-Data-3-10dc26b3b4f9801baf2ce2167244ebe4?pvs=21)",noah@brightdata.com,,3/3,3/3,Done
PostHog,"Posthog H1 2024 - 3 (https://www.notion.so/Posthog-H1-2024-3-104c26b3b4f980128b60da0f9a72c511?pvs=21), Posthog H1 2024 - 2 (https://www.notion.so/Posthog-H1-2024-2-104c26b3b4f980fd9014f34dbec17256?pvs=21), Posthog H2 2024 - 1 (https://www.notion.so/Posthog-H2-2024-1-105c26b3b4f9801d8730f4c37b87e6fc?pvs=21), Posthog H2 2024 - 2 (https://www.notion.so/Posthog-H2-2024-2-02bbf0fe3a234f4ba3faf8285cfc2af9?pvs=21), Posthog H2 2024 - 3 (https://www.notion.so/Posthog-H2-2024-3-e39df57bdb3545bd84841e9039e37cce?pvs=21), Posthog H2 2024 - 4 (https://www.notion.so/Posthog-H2-2024-4-b45baf09f63d4d8f870a300ed57d34fb?pvs=21), Posthog H1 2024 - 1 (https://www.notion.so/Posthog-H1-2024-1-104c26b3b4f9802da5b4e756353d1797?pvs=21), Posthog 8 CHRISTMAS (https://www.notion.so/Posthog-8-CHRISTMAS-163c26b3b4f980b98edfc380b957f8fe?pvs=21), Posthog 9 (https://www.notion.so/Posthog-9-16ec26b3b4f980dcba3ce5efc11e60d1?pvs=21), Posthog Mar 25-1 (https://www.notion.so/Posthog-Mar-25-1-1b3c26b3b4f980228314e665dd9b5786?pvs=21), Posthog Mar 25-2 (https://www.notion.so/Posthog-Mar-25-2-1b3c26b3b4f980b996d8f2b2fb5d7c81?pvs=21), Posthog Apr 25-1 (https://www.notion.so/Posthog-Apr-25-1-1b3c26b3b4f980f59da2fa0c52242f21?pvs=21), Posthog May 25-1 (https://www.notion.so/Posthog-May-25-1-1b3c26b3b4f980f189bbf9b9fc857565?pvs=21), Posthog Jun 25-1 (https://www.notion.so/Posthog-Jun-25-1-1b3c26b3b4f9804f9f2efd6dc18cbcd0?pvs=21), Posthog Jun 25-2 (https://www.notion.so/Posthog-Jun-25-2-1b3c26b3b4f980d1b239e273b12846e9?pvs=21), Posthog Jan 26-1 (https://www.notion.so/Posthog-Jan-26-1-2dec26b3b4f980bfb738c491bf012bfc?pvs=21), Posthog Feb 26-1 (https://www.notion.so/Posthog-Feb-26-1-2dec26b3b4f980f4bc20c6c80955dc51?pvs=21), Posthog Mar 26-1  (https://www.notion.so/Posthog-Mar-26-1-2dec26b3b4f980e6b939da9a484b9f91?pvs=21), Posthog Apr 26-1 (https://www.notion.so/Posthog-Apr-26-1-2dec26b3b4f9807885baf8503f0ff585?pvs=21), Posthog May 26-1 (https://www.notion.so/Posthog-May-26-1-2dec26b3b4f980faae14ea982c9c2231?pvs=21), Posthog Jun 26-1 (https://www.notion.so/Posthog-Jun-26-1-2dec26b3b4f980238162c178945eda18?pvs=21)",ian@posthog.com,"Posthog h2 (https://www.notion.so/Posthog-h2-268c26b3b4f98003a7a2da00c8247698?pvs=21), Posthog Silver Jan-Jun 2026 (https://www.notion.so/Posthog-Silver-Jan-Jun-2026-2dec26b3b4f9807e940ee04a387f5b82?pvs=21)",15/21,15/21,Done
Google - IDX,"Google - IDX 1 (https://www.notion.so/Google-IDX-1-19ac26b3b4f98086b987cd8af6b17e77?pvs=21), Google - IDX 2 (https://www.notion.so/Google-IDX-2-19ac26b3b4f980e5a3f2db4aa4639c71?pvs=21), Google - IDX 3 (https://www.notion.so/Google-IDX-3-19ac26b3b4f980889efef32f6f93b36a?pvs=21), Google - IDX 4 (https://www.notion.so/Google-IDX-4-19ac26b3b4f980b7be9ad72769baf9d9?pvs=21), Google - IDX 5 (https://www.notion.so/Google-IDX-5-19ac26b3b4f980899897ccb2f3b6798c?pvs=21), Google - IDX 6 (https://www.notion.so/Google-IDX-6-19ac26b3b4f980ab84efc0524cd936c2?pvs=21), Google - IDX 7 (https://www.notion.so/Google-IDX-7-19ac26b3b4f980c9989fec7a8c67bf42?pvs=21), Google - IDX 8 (https://www.notion.so/Google-IDX-8-19ac26b3b4f98033a81fe8183709d37d?pvs=21)",deast@google.com,,0/8,0/8,Done
Agora,"Agora 1 (https://www.notion.so/Agora-1-18cc26b3b4f98087a675ea218c3ef125?pvs=21), Agora 2 (https://www.notion.so/Agora-2-18cc26b3b4f9809bb702dabd5a8715ca?pvs=21)",hermes.frangoudis@agora.io,Agora 2 Pack 2025 (https://www.notion.so/Agora-2-Pack-2025-268c26b3b4f98048bb0fe2edf22d8552?pvs=21),2/2,2/2,Done
Prisma,"Prisma 1 (https://www.notion.so/Prisma-1-134c26b3b4f9805c8206ed1a4145a82a?pvs=21), Prisma 2 CHRISTMAS (https://www.notion.so/Prisma-2-CHRISTMAS-134c26b3b4f98060b314d7732cd9bbca?pvs=21), Prisma 3 (https://www.notion.so/Prisma-3-134c26b3b4f980e0bbcced8da7b74c44?pvs=21), Prisma 4  (https://www.notion.so/Prisma-4-163c26b3b4f9805f93f4ead294e4b1f8?pvs=21)",donka@prisma.io,,4/4,4/4,Done
Netlify,"Netlify 1 (https://www.notion.so/Netlify-1-134c26b3b4f980ae8723e1967c9b6df9?pvs=21), Netlify 3 (https://www.notion.so/Netlify-3-134c26b3b4f9802d9145e59e9b7c5ac7?pvs=21), Netlify 4 (https://www.notion.so/Netlify-4-134c26b3b4f980cea357f58b6b4ef6c1?pvs=21), Netlify 5 (https://www.notion.so/Netlify-5-134c26b3b4f980c2b290e207fb380570?pvs=21), Netlify 2 (https://www.notion.so/Netlify-2-134c26b3b4f98035a75ff2f3a2c728a1?pvs=21)",woody@netlify.com,,0/5,0/5,Done
Payload,"Payload 1 (https://www.notion.so/Payload-1-137c26b3b4f98044abdcf879ad97bd92?pvs=21), Payload 2 CHRISTMAS (https://www.notion.so/Payload-2-CHRISTMAS-163c26b3b4f98071bba8e180e0046cda?pvs=21)",,,1/2,1/2,Done
Fal,"Fal 1 (https://www.notion.so/Fal-1-142c26b3b4f980abb1b0cc02e5c66cc6?pvs=21), Fal 2 (https://www.notion.so/Fal-2-142c26b3b4f980f9b517ecc56712a392?pvs=21), Fal 3 CHRISTMAS (https://www.notion.so/Fal-3-CHRISTMAS-163c26b3b4f980948b8ec31f19b40f28?pvs=21)",,Fal 2 Pack 2024 (https://www.notion.so/Fal-2-Pack-2024-268c26b3b4f980b39d8ed513bf0ac6dd?pvs=21),3/3,3/3,Done
g2i,"G2i 1 (https://www.notion.so/G2i-1-14cc26b3b4f980cea15be5d36493abeb?pvs=21), G2i 2 (https://www.notion.so/G2i-2-14cc26b3b4f980e4b745da6472bcc49f?pvs=21), G2i 3 CHRISTMAS (https://www.notion.so/G2i-3-CHRISTMAS-163c26b3b4f980a3a3b2c7041dda7829?pvs=21), G2i Mar 25-1 (https://www.notion.so/G2i-Mar-25-1-1a8c26b3b4f980798e67d36077ed7dd2?pvs=21), G2i Mar 25-2 (https://www.notion.so/G2i-Mar-25-2-1a8c26b3b4f980c59543d93bf3b66a4d?pvs=21), G2i Apr 25-1 (https://www.notion.so/G2i-Apr-25-1-1a8c26b3b4f98091aaa0df60e037e65e?pvs=21), G2i Apr 25-2 (https://www.notion.so/G2i-Apr-25-2-1a8c26b3b4f980789ae2f4e3ea2e7073?pvs=21), G2i May 25-1 (https://www.notion.so/G2i-May-25-1-1a8c26b3b4f980f7b604d5e681efd05c?pvs=21), G2i May 25-2 (https://www.notion.so/G2i-May-25-2-1a8c26b3b4f980b59a42f0c7a423a71f?pvs=21), G2i Jun 25-1 (https://www.notion.so/G2i-Jun-25-1-1a8c26b3b4f980b98209ef6700d9dee8?pvs=21), G2i Jun 25-2 (https://www.notion.so/G2i-Jun-25-2-1a8c26b3b4f98038af5be8aa8d7c45ae?pvs=21), G2i Jul 25-1 (https://www.notion.so/G2i-Jul-25-1-1a8c26b3b4f980798822d5dab506e02c?pvs=21), G2i Jul 25-2 (https://www.notion.so/G2i-Jul-25-2-1a8c26b3b4f98019be87ffa43c604024?pvs=21), G2i Aug 25-1 (https://www.notion.so/G2i-Aug-25-1-1a8c26b3b4f9803fa29cf6db99731273?pvs=21), G2i Aug 25-2 (https://www.notion.so/G2i-Aug-25-2-1a8c26b3b4f980bfad0bd654ea9d1898?pvs=21), G2i Sep 25-1 (https://www.notion.so/G2i-Sep-25-1-1a8c26b3b4f9808f94c1c74801689c28?pvs=21), G2i Sep 25-2 (https://www.notion.so/G2i-Sep-25-2-1a8c26b3b4f98076a920c8b1ac241e6a?pvs=21), G2i Oct 25-1 (https://www.notion.so/G2i-Oct-25-1-1a8c26b3b4f980e8a1b8cc3e39fa6d09?pvs=21), G2i Oct 25-2 (https://www.notion.so/G2i-Oct-25-2-1a8c26b3b4f980d2b99ec86177667a51?pvs=21), G2i Nov 25-1 (https://www.notion.so/G2i-Nov-25-1-268c26b3b4f9807baab1f842cafd31d5?pvs=21), G2i Nov 25-2 (https://www.notion.so/G2i-Nov-25-2-268c26b3b4f980c29c63eef33840ea85?pvs=21), G2i Nov 25-3 (https://www.notion.so/G2i-Nov-25-3-268c26b3b4f980afac43e693fb22b538?pvs=21), G2i Dec 25-1 (https://www.notion.so/G2i-Dec-25-1-268c26b3b4f9804c8bf3debcc32a4243?pvs=21), G2i Dec 25-2 (https://www.notion.so/G2i-Dec-25-2-268c26b3b4f98057988ff93cc51cf447?pvs=21), G2i Dec 25-3 (https://www.notion.so/G2i-Dec-25-3-268c26b3b4f980739e47d62e96a5f932?pvs=21), G2i Jan 26-1 (https://www.notion.so/G2i-Jan-26-1-268c26b3b4f98062b28be645116e5039?pvs=21), G2i Jan 26-2 (https://www.notion.so/G2i-Jan-26-2-268c26b3b4f9806488cde20aad206efb?pvs=21), G2i Jan 26-3 (https://www.notion.so/G2i-Jan-26-3-268c26b3b4f98087b9b2f1d427ad2ad1?pvs=21), G2i Feb 26-1 (https://www.notion.so/G2i-Feb-26-1-268c26b3b4f98060b5c0e27dd8af5e15?pvs=21), G2i Feb 26-2 (https://www.notion.so/G2i-Feb-26-2-268c26b3b4f980779f91d042ea3774d5?pvs=21), G2i Feb 26-3 (https://www.notion.so/G2i-Feb-26-3-268c26b3b4f9809b8b99d0e09864c9d9?pvs=21), G2i Mar 26-1 (https://www.notion.so/G2i-Mar-26-1-268c26b3b4f980b5bcfcfea9f83fde2d?pvs=21), G2i Mar 26-2 (https://www.notion.so/G2i-Mar-26-2-268c26b3b4f9807f8ba5ffda871b975b?pvs=21), G2i Mar 26-3 (https://www.notion.so/G2i-Mar-26-3-268c26b3b4f9801db892d8a9a357ec9a?pvs=21), G2i Apr 26-1 (https://www.notion.so/G2i-Apr-26-1-268c26b3b4f980c6aa32cc54a0f7373b?pvs=21), G2i Apr 26-2 (https://www.notion.so/G2i-Apr-26-2-268c26b3b4f980d6a772d9663c387ea4?pvs=21), G2i Apr 26-3 (https://www.notion.so/G2i-Apr-26-3-268c26b3b4f9804ea6d8fe485884bccb?pvs=21), G2i May 26-1 (https://www.notion.so/G2i-May-26-1-268c26b3b4f9803991ddfa4093b32355?pvs=21), G2i May 26-2 (https://www.notion.so/G2i-May-26-2-268c26b3b4f980ffa617eea7fdf58ec0?pvs=21), G2i May 26-3 (https://www.notion.so/G2i-May-26-3-268c26b3b4f980ee9708d845bda6d832?pvs=21), G2i Jun 26-1 (https://www.notion.so/G2i-Jun-26-1-268c26b3b4f98098b8bed86564c5ae0b?pvs=21), G2i Jun 26-2 (https://www.notion.so/G2i-Jun-26-2-268c26b3b4f9800a9413c3e227315ab8?pvs=21), G2i Jun 26-3 (https://www.notion.so/G2i-Jun-26-3-268c26b3b4f9804988c4e738fd3e6af2?pvs=21), G2i Jul 26-1 (https://www.notion.so/G2i-Jul-26-1-268c26b3b4f9808d9b75e1d8cd90ac08?pvs=21), G2i Jul 26-2 (https://www.notion.so/G2i-Jul-26-2-268c26b3b4f980cea1f0d6ec5a18218f?pvs=21), G2i Jul 26-3 (https://www.notion.so/G2i-Jul-26-3-268c26b3b4f9800f83afdd36452bcc5e?pvs=21), G2i Aug 26-1 (https://www.notion.so/G2i-Aug-26-1-268c26b3b4f9802482fded8f7f375a50?pvs=21), G2i Aug 26-2 (https://www.notion.so/G2i-Aug-26-2-268c26b3b4f980419141c7d2572343bc?pvs=21), G2i Aug 26-3 (https://www.notion.so/G2i-Aug-26-3-268c26b3b4f980a0b0eee921c0d26791?pvs=21), G2i Sep 26-1 (https://www.notion.so/G2i-Sep-26-1-268c26b3b4f980cca2ffdcf5c8689d41?pvs=21), G2i Sep 26-2 (https://www.notion.so/G2i-Sep-26-2-268c26b3b4f980ef8ff8ed7c28d16703?pvs=21), G2i Sep 26-3 (https://www.notion.so/G2i-Sep-26-3-268c26b3b4f980ee842ad48ec71ff6d0?pvs=21), G2i Oct 26-1 (https://www.notion.so/G2i-Oct-26-1-268c26b3b4f98098b53fd1c2d467b6dd?pvs=21), G2i Oct 26-2 (https://www.notion.so/G2i-Oct-26-2-268c26b3b4f9807783e6f13f7a1e864c?pvs=21), G2i Oct 25-3 (https://www.notion.so/G2i-Oct-25-3-268c26b3b4f9808aa19be85c80726a3f?pvs=21)",patrick@g2i.co,"G2i first 25 (https://www.notion.so/G2i-first-25-268c26b3b4f980f9bf24ed7bfc39c40a?pvs=21), G2i 2025-2026 annual (https://www.notion.so/G2i-2025-2026-annual-268c26b3b4f980e2bcdbce508ac4f198?pvs=21)",27/55,26/55,Done
PLACEHOLDER,"YT Placeholder 1 (https://www.notion.so/YT-Placeholder-1-151c26b3b4f980f58a02d4786a88e484?pvs=21), T3 Chat 1 (https://www.notion.so/T3-Chat-1-8fdca9f0e0ce43b6b0fce9b6ba7c9114?pvs=21), T3 Chat Mar 25-1 (https://www.notion.so/T3-Chat-Mar-25-1-1a9c26b3b4f9807ab4c8dcf07ca937d8?pvs=21), T3 Chat APR AD (https://www.notion.so/T3-Chat-APR-AD-1d1c26b3b4f9807bbdecda13e402f0ed?pvs=21), T3 Chat 2 COOL TOOLS (https://www.notion.so/T3-Chat-2-COOL-TOOLS-1d7c26b3b4f980dbb226f95d2caf4e09?pvs=21), T3 Chat 4 (https://www.notion.so/T3-Chat-4-1d7c26b3b4f980cab0f0cd0dc5a2569a?pvs=21), Sponsor Generic 1 (https://www.notion.so/Sponsor-Generic-1-1d7c26b3b4f9809d91dcf629653c616c?pvs=21)",,,6/7,6/7,Done
Ragie AI,"Ragie AI 1 (https://www.notion.so/Ragie-AI-1-152c26b3b4f98046a352c5e8138add0d?pvs=21), Ragie AI 2 (https://www.notion.so/Ragie-AI-2-152c26b3b4f980cda6dae7b1cf5855be?pvs=21), Ragie AI 3 CHRISTMAS (https://www.notion.so/Ragie-AI-3-CHRISTMAS-163c26b3b4f980299caff2e99eb8056c?pvs=21), Ragie AI 4 (https://www.notion.so/Ragie-AI-4-27ac26b3b4f9801c9405d7bd1937becd?pvs=21), Ragie AI 5 (https://www.notion.so/Ragie-AI-5-27ac26b3b4f9806294ead4b18fbf65ad?pvs=21)",bob@ragie.ai,"Ragie 2 Pack 2025 (https://www.notion.so/Ragie-2-Pack-2025-268c26b3b4f98034bdc8ed18ac769af9?pvs=21), Ragie 2 Pack Late 2025 (https://www.notion.so/Ragie-2-Pack-Late-2025-27ac26b3b4f98035b0eceeeab629558b?pvs=21)",5/5,5/5,Done
SingleStore,"Single Store 1 (https://www.notion.so/Single-Store-1-153c26b3b4f980708a39f616ccf37077?pvs=21), Single Store 2 (https://www.notion.so/Single-Store-2-153c26b3b4f98001aa0aec80c60de106?pvs=21), Single Store 3 CHRISTMAS (https://www.notion.so/Single-Store-3-CHRISTMAS-163c26b3b4f980b4821de5dbed33d106?pvs=21)",madhukar@singlestore.com,,3/3,3/3,Done
Eight Sleep,,mavi@eightsleep.com,,0/0,0/0,Done
Graphite,"Graphite 1 CHRISTMAS (https://www.notion.so/Graphite-1-CHRISTMAS-163c26b3b4f980528f71cc18cd5a7f5e?pvs=21), Graphite Jan 26-1 (https://www.notion.so/Graphite-Jan-26-1-176c26b3b4f980b597a2fcaf5b4ad7be?pvs=21), Graphite Feb 26-1 (https://www.notion.so/Graphite-Feb-26-1-176c26b3b4f980c29764c8d7adf5b391?pvs=21), Graphite Mar 26-1 (https://www.notion.so/Graphite-Mar-26-1-176c26b3b4f9801c85c6f6d61e423879?pvs=21), Graphite Apr 25-1 (https://www.notion.so/Graphite-Apr-25-1-176c26b3b4f9804b8699cfc45bc5b8fe?pvs=21), Graphite Apr 26-1 (https://www.notion.so/Graphite-Apr-26-1-176c26b3b4f980679ddecc77c6362463?pvs=21), Graphite May 26-1 (https://www.notion.so/Graphite-May-26-1-176c26b3b4f980dc9b40f51e77c029f2?pvs=21), Graphite Jul 25-1 (https://www.notion.so/Graphite-Jul-25-1-184c26b3b4f980c6a231d17986f38a4d?pvs=21), Graphite Aug 25-1 (https://www.notion.so/Graphite-Aug-25-1-184c26b3b4f98023a1aad8d986744b7f?pvs=21), Graphite Sep 25-1 (https://www.notion.so/Graphite-Sep-25-1-184c26b3b4f98041bd58c0b898b06096?pvs=21), Graphite Oct 25-1 (https://www.notion.so/Graphite-Oct-25-1-184c26b3b4f98071a1afd97dc1b77747?pvs=21), Graphite Nov 25-1 (https://www.notion.so/Graphite-Nov-25-1-184c26b3b4f98067b0d0fbe13caaca8a?pvs=21), Graphite Dec 25-1 (https://www.notion.so/Graphite-Dec-25-1-184c26b3b4f98015bd61ed3d079f5505?pvs=21)",merrill@graphite.dev,Graphite annual 2025 (https://www.notion.so/Graphite-annual-2025-268c26b3b4f9809f8293d127846a5f8d?pvs=21),5/13,5/13,Done
Notion,Notion 1 (Agentio) (https://www.notion.so/Notion-1-Agentio-16ac26b3b4f9808b8632c4707ce314f6?pvs=21),,,1/1,1/1,Done
Vapi,"Vapi 1 (https://www.notion.so/Vapi-1-18ec26b3b4f9809cb273eea78ce203b1?pvs=21), Vapi 2 (https://www.notion.so/Vapi-2-18ec26b3b4f98020a543dc909a843ae5?pvs=21)",yoshita@vapi.ai,Vapi 2 Pack 2025 (https://www.notion.so/Vapi-2-Pack-2025-268c26b3b4f9801197a6c95d12d1fca5?pvs=21),2/2,2/2,Done
Augment Code,"Augment Code 1 (https://www.notion.so/Augment-Code-1-19ac26b3b4f98039bf17c22345f9ea25?pvs=21), Augment Code 2 (https://www.notion.so/Augment-Code-2-19ac26b3b4f98016bbc0ca1070f572f8?pvs=21), Augment Code 3 (https://www.notion.so/Augment-Code-3-1c2c26b3b4f98008a5e5c6377cf70076?pvs=21), Augment Code Jul 25-1 (https://www.notion.so/Augment-Code-Jul-25-1-231c26b3b4f980e98305e22c4c34fa37?pvs=21), Augment Code Jul 25-2 (https://www.notion.so/Augment-Code-Jul-25-2-231c26b3b4f9809dbc2ad8f5b76741f1?pvs=21), Augment Code Aug 25-1 (https://www.notion.so/Augment-Code-Aug-25-1-231c26b3b4f980e09af1e96fd5ee467e?pvs=21), Augment Code Aug 25-2 (https://www.notion.so/Augment-Code-Aug-25-2-231c26b3b4f9806da6fccb6b79ee7ed6?pvs=21), Augment Code Aug 25-3 (https://www.notion.so/Augment-Code-Aug-25-3-231c26b3b4f980238a51c8a3640873d8?pvs=21)",,Augment 6 pack 2025 1 (https://www.notion.so/Augment-6-pack-2025-1-268c26b3b4f980ac8ccfea497acaa959?pvs=21),8/8,8/8,Done
Dockyard,"Dockyard 1 (https://www.notion.so/Dockyard-1-19ac26b3b4f9806bada5e4288ed401b7?pvs=21), Dockyard 2 (https://www.notion.so/Dockyard-2-19ac26b3b4f98076abaac00c7161d4da?pvs=21)",,Dockyard 2 Pack 2025 (https://www.notion.so/Dockyard-2-Pack-2025-268c26b3b4f980eabce7f71e50d32280?pvs=21),1/2,1/2,Done
Lovable,"Lovable 1 (https://www.notion.so/Lovable-1-19ac26b3b4f9803ea296cdc81e0ef94a?pvs=21), Lovable 2 (https://www.notion.so/Lovable-2-19ac26b3b4f98054a3e0dc84dcb18ff9?pvs=21)",,,2/2,2/2,Done
Highlight,"Highlight 1 (https://www.notion.so/Highlight-1-19ac26b3b4f98064947fe897fab39c15?pvs=21), Highlight 2 (https://www.notion.so/Highlight-2-19ac26b3b4f9805ea28edbdcfaeb7fdd?pvs=21), Highlight 3 (https://www.notion.so/Highlight-3-19ac26b3b4f980d4ba87e29a4d81de60?pvs=21)",,,0/3,0/3,Done
WorkOS,"WorkOS 1 (https://www.notion.so/WorkOS-1-1b3c26b3b4f980779792c1916abdaf59?pvs=21), WorkOS 2 (https://www.notion.so/WorkOS-2-1b3c26b3b4f980208571e7f13c0d49af?pvs=21), WorkOS May 25-1 (https://www.notion.so/WorkOS-May-25-1-1e7c26b3b4f98034b4e9f7cbce828e42?pvs=21), WorkOS May 25-2 (https://www.notion.so/WorkOS-May-25-2-1e7c26b3b4f980b7826bee5965f262af?pvs=21), WorkOS May 25-3 (https://www.notion.so/WorkOS-May-25-3-1e7c26b3b4f980f0aaf2fdf8d02f7f79?pvs=21), WorkOS May 25-4 (https://www.notion.so/WorkOS-May-25-4-1e7c26b3b4f980bba337e8aff4367028?pvs=21), WorkOS Jun 25-1 (https://www.notion.so/WorkOS-Jun-25-1-1e7c26b3b4f980689b56c8c64e438437?pvs=21), WorkOS Jun 25-2 (https://www.notion.so/WorkOS-Jun-25-2-1e7c26b3b4f9803596ffd66aed8f2a71?pvs=21), WorkOS Jun 25-3 (https://www.notion.so/WorkOS-Jun-25-3-1e7c26b3b4f980d19295c0019a154a5d?pvs=21), WorkOS Jun 25-4 (https://www.notion.so/WorkOS-Jun-25-4-1e7c26b3b4f9808089cfe5c840d4ec50?pvs=21), WorkOS Jul 25-1 (https://www.notion.so/WorkOS-Jul-25-1-1e7c26b3b4f980cda788ebf3faeeb573?pvs=21), WorkOS Jul 25-2 (https://www.notion.so/WorkOS-Jul-25-2-1e7c26b3b4f98095945deba084c45007?pvs=21), WorkOS Jul 25-3 (https://www.notion.so/WorkOS-Jul-25-3-1e7c26b3b4f980d48adaf6d237b245d5?pvs=21), WorkOS Jul 25-4 (https://www.notion.so/WorkOS-Jul-25-4-1e7c26b3b4f9804e9819e71c1c56d929?pvs=21), WorkOS Aug 25-1 (https://www.notion.so/WorkOS-Aug-25-1-231c26b3b4f9809d8b8cd085103bbb1a?pvs=21), WorkOS Aug 25-2 (https://www.notion.so/WorkOS-Aug-25-2-231c26b3b4f9809d95c7d70239c36f12?pvs=21), WorkOS Aug 25-3 (https://www.notion.so/WorkOS-Aug-25-3-231c26b3b4f980318a30c7c6ecf1269f?pvs=21), WorkOS Aug 25-4 (https://www.notion.so/WorkOS-Aug-25-4-231c26b3b4f9807bb64eff74be0683e7?pvs=21), WorkOS Sep 25-1 (https://www.notion.so/WorkOS-Sep-25-1-231c26b3b4f980a0921ad3df1999ebad?pvs=21), WorkOS Sep 25-2 (https://www.notion.so/WorkOS-Sep-25-2-231c26b3b4f98078b9f9e41b521d4086?pvs=21), WorkOS Sep 25-3 (https://www.notion.so/WorkOS-Sep-25-3-231c26b3b4f980a89742d77c692390b4?pvs=21), WorkOS Sep 25-4 (https://www.notion.so/WorkOS-Sep-25-4-231c26b3b4f980749874e80ed62a6df2?pvs=21), WorkOS Oct 25-1 (https://www.notion.so/WorkOS-Oct-25-1-231c26b3b4f980378c46ee7a39b436e3?pvs=21), WorkOS Oct 25-2 (https://www.notion.so/WorkOS-Oct-25-2-231c26b3b4f9808b9dacd36ae0a3a594?pvs=21), WorkOS Nov 25-1 (https://www.notion.so/WorkOS-Nov-25-1-231c26b3b4f980aa8434e5bed0119569?pvs=21), WorkOS Nov 25-2 (https://www.notion.so/WorkOS-Nov-25-2-231c26b3b4f980a1b038d3ab43a2e97b?pvs=21), WorkOS Dec 25-1 (https://www.notion.so/WorkOS-Dec-25-1-2a7c26b3b4f98006a01efecc4c9509f3?pvs=21), WorkOS Dec 25-2 (https://www.notion.so/WorkOS-Dec-25-2-2a7c26b3b4f9809ab7dad18afc018924?pvs=21), WorkOS Dec 25-3 (https://www.notion.so/WorkOS-Dec-25-3-2a7c26b3b4f9801d9bb8eec5a7417567?pvs=21), WorkOS Dec 25-4 (https://www.notion.so/WorkOS-Dec-25-4-2a7c26b3b4f9807989e0c2eb70e266da?pvs=21), WorkOS Jan 26-1 (https://www.notion.so/WorkOS-Jan-26-1-2a7c26b3b4f98072a6fece209f7b2922?pvs=21), WorkOS Jan 26-2 (https://www.notion.so/WorkOS-Jan-26-2-2a7c26b3b4f9800b89e7f476a4b8eb46?pvs=21), WorkOS Jan 26-3 (https://www.notion.so/WorkOS-Jan-26-3-2a7c26b3b4f980468669d32d6f1426ea?pvs=21), WorkOS Jan 26-4 (https://www.notion.so/WorkOS-Jan-26-4-2a7c26b3b4f9807688b0e617c4a5dbd3?pvs=21), WorkOS Feb 26-1 (https://www.notion.so/WorkOS-Feb-26-1-2a7c26b3b4f9805e8bbecac0637ea3ba?pvs=21), WorkOS Feb 26-2 (https://www.notion.so/WorkOS-Feb-26-2-2a7c26b3b4f9804492f7dc5e9a9cc8a9?pvs=21), WorkOS Feb 26-3 (https://www.notion.so/WorkOS-Feb-26-3-2a7c26b3b4f980098ab6f861d128e022?pvs=21), WorkOS Feb 26-4 (https://www.notion.so/WorkOS-Feb-26-4-2a7c26b3b4f980e19d77deb1a92af533?pvs=21), WorkOS Mar 26-1 (https://www.notion.so/WorkOS-Mar-26-1-2a7c26b3b4f9803b82c6cf15a82cd46d?pvs=21), WorkOS Mar 26-2 (https://www.notion.so/WorkOS-Mar-26-2-2a7c26b3b4f98007b855fb1184540aef?pvs=21), WorkOS Mar 26-3 (https://www.notion.so/WorkOS-Mar-26-3-2a7c26b3b4f980afaffbed6453ca524e?pvs=21), WorkOS Mar 26-4 (https://www.notion.so/WorkOS-Mar-26-4-2a7c26b3b4f9804685d4f5b845ad1ab4?pvs=21), WorkOS Apr 26-1 (https://www.notion.so/WorkOS-Apr-26-1-2b9c26b3b4f9800baa4be1c6b23e3914?pvs=21), WorkOS Apr 26-2 (https://www.notion.so/WorkOS-Apr-26-2-2b9c26b3b4f980f18216d4d656afedd1?pvs=21), WorkOS Apr 26-3 (https://www.notion.so/WorkOS-Apr-26-3-2b9c26b3b4f980749deedecd74aeb97a?pvs=21), WorkOS Apr 26-4 (https://www.notion.so/WorkOS-Apr-26-4-2b9c26b3b4f980b4998ee2eb49f05cb7?pvs=21), WorkOS May 26-1 (https://www.notion.so/WorkOS-May-26-1-2b9c26b3b4f980ada653e0a314f30dd7?pvs=21), WorkOS May 26-2 (https://www.notion.so/WorkOS-May-26-2-2b9c26b3b4f9804e8a51ef5f42c8e322?pvs=21), WorkOS May 26-3 (https://www.notion.so/WorkOS-May-26-3-2b9c26b3b4f9806ea7faf714822a5133?pvs=21), WorkOS May 26-4 (https://www.notion.so/WorkOS-May-26-4-2b9c26b3b4f9808f993bc0ad778f457c?pvs=21)",,"WorkOS blitz 1 2025 (https://www.notion.so/WorkOS-blitz-1-2025-268c26b3b4f980019d08e8486ef597c0?pvs=21), WorkOS blitz 2 2025 (https://www.notion.so/WorkOS-blitz-2-2025-268c26b3b4f98099b0dfd0efd1044fb3?pvs=21), WorkOS blitz 3 2025 (https://www.notion.so/WorkOS-blitz-3-2025-2a7c26b3b4f980f2b04aea454643ca34?pvs=21)",31/50,31/50,Done
Fondo,Fondo 1 (https://www.notion.so/Fondo-1-1c7c26b3b4f980e19d27d49cd085284d?pvs=21),,,1/1,1/1,Done
Mobbin,"Mobbin 1 (https://www.notion.so/Mobbin-1-1d5c26b3b4f9809d913dc5447c7a66cb?pvs=21), Mobbin 2 (https://www.notion.so/Mobbin-2-1d5c26b3b4f98060ace7f936d9a9adba?pvs=21), Mobbin 3 (https://www.notion.so/Mobbin-3-1fdc26b3b4f980cf8926dc6c45abf2b4?pvs=21), Mobbin 4 (https://www.notion.so/Mobbin-4-200c26b3b4f980ffa25fcfc28b6895de?pvs=21), Mobbin 5 (https://www.notion.so/Mobbin-5-200c26b3b4f980beb151cd4d534dc968?pvs=21), Mobbin 6 (https://www.notion.so/Mobbin-6-200c26b3b4f980c78885e82a581f9c50?pvs=21), Mobbin 7 (https://www.notion.so/Mobbin-7-200c26b3b4f980b49b4fc13ef24842fe?pvs=21), Mobbin 8 (https://www.notion.so/Mobbin-8-200c26b3b4f9800b85abff00d82e5b7a?pvs=21), Mobbin 9 (https://www.notion.so/Mobbin-9-200c26b3b4f980d1b3dad475a4a9458b?pvs=21), Mobbin 10 (https://www.notion.so/Mobbin-10-200c26b3b4f980d6badef11a0c651611?pvs=21), Mobbin 11 (https://www.notion.so/Mobbin-11-200c26b3b4f980e39f84c06442c64ac7?pvs=21), Mobbin 12 (https://www.notion.so/Mobbin-12-200c26b3b4f980aeae69d80d09cb4a7e?pvs=21), Mobbin 13 (https://www.notion.so/Mobbin-13-200c26b3b4f980a1afcfc36077faacee?pvs=21), Mobbin 14 (https://www.notion.so/Mobbin-14-200c26b3b4f9800ca337c8baad3b3e87?pvs=21)",,Mobbin 12 pack 2025 (https://www.notion.so/Mobbin-12-pack-2025-268c26b3b4f980c28f26e2bbc47e7109?pvs=21),13/14,13/14,Done
Agentuity,"Agentuity 1 (https://www.notion.so/Agentuity-1-1d8c26b3b4f980ae86b5c0b0188dbf82?pvs=21), Agentuity Aug 25-1 (https://www.notion.so/Agentuity-Aug-25-1-245c26b3b4f980dbb4f1cee9f921da7b?pvs=21), Agentuity Sep 25-1 (https://www.notion.so/Agentuity-Sep-25-1-245c26b3b4f98078bf6eec03cde59d6d?pvs=21), Agentuity Nov 25-2 (https://www.notion.so/Agentuity-Nov-25-2-245c26b3b4f9808d822ad4128d585267?pvs=21), Agentuity Nov 25-1 (https://www.notion.so/Agentuity-Nov-25-1-245c26b3b4f9808495dffa98ba324a54?pvs=21), Agentuity Dec 25-1 (https://www.notion.so/Agentuity-Dec-25-1-245c26b3b4f98059b388fa7e18dc251e?pvs=21), Agentuity Jan 25-1 (https://www.notion.so/Agentuity-Jan-25-1-245c26b3b4f98030b58ef3d6cfa0faa1?pvs=21)",,Agentuity annual pt. 1 (https://www.notion.so/Agentuity-annual-pt-1-268c26b3b4f980ea8699dc8cd2c9222a?pvs=21),3/7,3/7,Done
Imagekit,"ImageKit 1 (https://www.notion.so/ImageKit-1-1e3c26b3b4f98007ad0ef3b647060a8d?pvs=21), ImageKit 2 (https://www.notion.so/ImageKit-2-1e3c26b3b4f980179191fa33d3d9a31c?pvs=21)",,ImageKit 2 Pack 2025 (https://www.notion.so/ImageKit-2-Pack-2025-268c26b3b4f98059ade7ed318f5fb2a5?pvs=21),2/2,2/2,Done
Firecrawl,"Firecrawl 1 (https://www.notion.so/Firecrawl-1-1f4c26b3b4f980d28095dc5623fd387a?pvs=21), Firecrawl 2 (https://www.notion.so/Firecrawl-2-1f4c26b3b4f980f88ac4f934c5ba6efb?pvs=21)",,Firecrawl 2 Pack 2025 (https://www.notion.so/Firecrawl-2-Pack-2025-268c26b3b4f980349677c7b18e073b42?pvs=21),2/2,2/2,Done
Embrace,"Embrace 1 (https://www.notion.so/Embrace-1-221c26b3b4f98087a296c5673e6397d6?pvs=21), Embrace 2 (https://www.notion.so/Embrace-2-221c26b3b4f9807a8c03e16db3bfa107?pvs=21)",,Embrace 2 Pack 2025 (https://www.notion.so/Embrace-2-Pack-2025-268c26b3b4f980de885eea3bacfd8d9f?pvs=21),2/2,2/2,Done
Exa,Exa 1 (https://www.notion.so/Exa-1-21cc26b3b4f98026ad2de969a112d5a8?pvs=21),,Exa Single 2025 (https://www.notion.so/Exa-Single-2025-268c26b3b4f980008e3ae01b29bc7387?pvs=21),1/1,1/1,Done
Sentry,"Sentry 1 (https://www.notion.so/Sentry-1-21dc26b3b4f98085b6b9debfbd3370e7?pvs=21), Sentry 2 (https://www.notion.so/Sentry-2-21dc26b3b4f980c9b711d37ebf6e061e?pvs=21)",,Sentry 2 Pack 2025 (https://www.notion.so/Sentry-2-Pack-2025-268c26b3b4f9803283d5ced86dc38f56?pvs=21),0/2,0/2,Done
kilocode,"Kilocode 1 (https://www.notion.so/Kilocode-1-221c26b3b4f980e4b4b6f60a32e9b85b?pvs=21), Kilocode 2 (https://www.notion.so/Kilocode-2-221c26b3b4f98036a464c078e1e7fc3b?pvs=21), Kilocode Apr 26-1 (https://www.notion.so/Kilocode-Apr-26-1-290c26b3b4f980348591c8df5f3d90f5?pvs=21), Kilocode Nov 25-1 (https://www.notion.so/Kilocode-Nov-25-1-290c26b3b4f98012947ac7d5a3324e70?pvs=21), Kilocode May 26-1 (https://www.notion.so/Kilocode-May-26-1-290c26b3b4f9808da669f8cdcc26f3a3?pvs=21), Kilocode Jan 25-1 (https://www.notion.so/Kilocode-Jan-25-1-290c26b3b4f980b08a80cdc029d93bb1?pvs=21), Kilocode Feb 25-1 (https://www.notion.so/Kilocode-Feb-25-1-290c26b3b4f980769aabfbff8e169ca5?pvs=21), Kilocode Mar 25-1 (https://www.notion.so/Kilocode-Mar-25-1-290c26b3b4f98090917ddada7a37a959?pvs=21)",,"Kilocode 2 Pack 2025 (https://www.notion.so/Kilocode-2-Pack-2025-268c26b3b4f980938193cc533036f922?pvs=21), Kilocode 6 Pack late 2025 (https://www.notion.so/Kilocode-6-Pack-late-2025-290c26b3b4f98087adedfed8df36059b?pvs=21)",3/8,3/8,Done
Depot,"Depot 1 (https://www.notion.so/Depot-1-22ac26b3b4f980d7be58fb641eaa59d8?pvs=21), Depot 2 (https://www.notion.so/Depot-2-22ac26b3b4f980039d62e84ae8112489?pvs=21), Depot Sep 25-1 (https://www.notion.so/Depot-Sep-25-1-265c26b3b4f98050963dd01ed80d445d?pvs=21), Depot Sep 25-2 (https://www.notion.so/Depot-Sep-25-2-265c26b3b4f980bc8ddbf500063379c5?pvs=21), Depot Oct 25-1 (https://www.notion.so/Depot-Oct-25-1-265c26b3b4f98020bd7eedd45993be1e?pvs=21), Depot Nov 25-1 (https://www.notion.so/Depot-Nov-25-1-265c26b3b4f98035afe9c3b7265b6a1c?pvs=21), Depot Nov 25-2 (https://www.notion.so/Depot-Nov-25-2-265c26b3b4f9805aba89ce1b65694ee8?pvs=21), Depot Dec 25-1 (https://www.notion.so/Depot-Dec-25-1-265c26b3b4f980f79c0bc38c00514b67?pvs=21), Depot Jan 26-3 (https://www.notion.so/Depot-Jan-26-3-265c26b3b4f980f0a8b4d6a77ff3cb6b?pvs=21), Depot Jan 26-1 (https://www.notion.so/Depot-Jan-26-1-265c26b3b4f980dab8c4e24a1eceeea4?pvs=21), Depot Jan 26-2 (https://www.notion.so/Depot-Jan-26-2-265c26b3b4f980c8b7a6c11a411fd785?pvs=21), Depot Feb 26-1 (https://www.notion.so/Depot-Feb-26-1-265c26b3b4f980d08c00c5eaa0bb65e6?pvs=21), Depot Feb 26-2 (https://www.notion.so/Depot-Feb-26-2-265c26b3b4f9804385dafbd881afbe3e?pvs=21), Depot Mar 26-1 (https://www.notion.so/Depot-Mar-26-1-265c26b3b4f980c0b51bdf1b65f1a898?pvs=21), Depot Mar 26-2 (https://www.notion.so/Depot-Mar-26-2-265c26b3b4f98093afabcf274fd88b1c?pvs=21), Depot Apr 26-1 (https://www.notion.so/Depot-Apr-26-1-265c26b3b4f98020b122fe23b93e2b0c?pvs=21), Depot Apr 26-2 (https://www.notion.so/Depot-Apr-26-2-265c26b3b4f980cb81bcd3457283c492?pvs=21), Depot May 26-1 (https://www.notion.so/Depot-May-26-1-265c26b3b4f9803cafa0e0b33246b8b5?pvs=21), Depot May 26-2 (https://www.notion.so/Depot-May-26-2-265c26b3b4f980a5911ccc4544761de2?pvs=21), Depot Jun 26-1 (https://www.notion.so/Depot-Jun-26-1-265c26b3b4f980d6897bd7bdb8f41f1a?pvs=21), Depot Jun 26-2 (https://www.notion.so/Depot-Jun-26-2-265c26b3b4f9804dbdc1f8ed79b8c70b?pvs=21), Depot Jul 26-1 (https://www.notion.so/Depot-Jul-26-1-265c26b3b4f980999339da8e3f225486?pvs=21), Depot Jul 26-2 (https://www.notion.so/Depot-Jul-26-2-265c26b3b4f980cf8254f62c03dff14a?pvs=21), Depot Aug 26-1 (https://www.notion.so/Depot-Aug-26-1-265c26b3b4f98091a99bfc99e4b1852a?pvs=21), Depot Aug 26-2 (https://www.notion.so/Depot-Aug-26-2-265c26b3b4f980ce91fcc8f428a82dc6?pvs=21), Depot Oct 25-2 (https://www.notion.so/Depot-Oct-25-2-280c26b3b4f9805da492cf1cb9a47ac4?pvs=21)",,"Depot 2025-2026 annual (https://www.notion.so/Depot-2025-2026-annual-268c26b3b4f980ae8d4efe495a3a8e48?pvs=21), Depot 2 Pack 2025 (https://www.notion.so/Depot-2-Pack-2025-268c26b3b4f980958eb5e5cf67baccff?pvs=21)",11/26,9/26,Done
arcjet,"Arcjet 1 (https://www.notion.so/Arcjet-1-22ac26b3b4f98031865cc0eb38bb4e26?pvs=21), Arcjet 2 (https://www.notion.so/Arcjet-2-22ac26b3b4f9809ab495e346559c9694?pvs=21), Arcjet Sep 25-1 (https://www.notion.so/Arcjet-Sep-25-1-268c26b3b4f980a78ec0c7107aed455b?pvs=21), Arcjet Oct 25-1 (https://www.notion.so/Arcjet-Oct-25-1-268c26b3b4f9808884b5c9d18990b29a?pvs=21), Arcjet Dec 25-1 (https://www.notion.so/Arcjet-Dec-25-1-268c26b3b4f98033a8c4f709a2ae37cf?pvs=21), Arcjet Dec 25-2 (https://www.notion.so/Arcjet-Dec-25-2-268c26b3b4f980b19085ec7d4af6c0bc?pvs=21), Arcjet Jan 26-1 (https://www.notion.so/Arcjet-Jan-26-1-268c26b3b4f9808892c9e61db14e26d6?pvs=21), Arcjet Feb 26-1 (https://www.notion.so/Arcjet-Feb-26-1-268c26b3b4f98000a696d2ab7864649b?pvs=21)",,"Arcjet 6 pack late 25 (https://www.notion.so/Arcjet-6-pack-late-25-268c26b3b4f9804bb0becf08474f19ab?pvs=21), Arcjet 2 Pack 2025 (https://www.notion.so/Arcjet-2-Pack-2025-268c26b3b4f98069b50edda39386f765?pvs=21)",6/8,6/8,Done
Daytona,"Daytona 1 (https://www.notion.so/Daytona-1-232c26b3b4f980c78fdff3c0eb9a2a2a?pvs=21), Daytona 2 (https://www.notion.so/Daytona-2-232c26b3b4f9808498cec436d4e87d83?pvs=21), Daytona Oct 25-1 (https://www.notion.so/Daytona-Oct-25-1-27fc26b3b4f980e9b3d4ed1b1a3af72c?pvs=21), Daytona Nov 25-1 (https://www.notion.so/Daytona-Nov-25-1-27fc26b3b4f980e79798faa529ebfdef?pvs=21), Daytona Dec 25-1 (https://www.notion.so/Daytona-Dec-25-1-27fc26b3b4f98003bb6bc43699a6f2ad?pvs=21), Daytona Jan 26-1 (https://www.notion.so/Daytona-Jan-26-1-27fc26b3b4f980f4bc76f274028c9168?pvs=21), Daytona Feb 26-1 (https://www.notion.so/Daytona-Feb-26-1-27fc26b3b4f9806ea1b9cb85af364450?pvs=21), Daytona Mar 26-1 (https://www.notion.so/Daytona-Mar-26-1-27fc26b3b4f980ffb999f1a5625ebe7e?pvs=21)",,"Daytona 2 Pack 2025 (https://www.notion.so/Daytona-2-Pack-2025-268c26b3b4f980e7ae08d7dea7184483?pvs=21), Daytona 6 Pack 2025 (https://www.notion.so/Daytona-6-Pack-2025-27fc26b3b4f9802e858ecec57b166e1e?pvs=21)",6/8,5/8,Done
Warp,"Warp 1 (https://www.notion.so/Warp-1-246c26b3b4f980a8a071c731779ca615?pvs=21), Warp 2 (https://www.notion.so/Warp-2-246c26b3b4f980fba5ccf42032b32e00?pvs=21)",,Warp 2 Pack 2025 (https://www.notion.so/Warp-2-Pack-2025-268c26b3b4f9804eaee4caf3d198184a?pvs=21),1/2,1/2,Done
Composio,"Composio 1 (https://www.notion.so/Composio-1-27ac26b3b4f98023bf8dfd7ad48337ed?pvs=21), Composio 2 (https://www.notion.so/Composio-2-27ac26b3b4f9805aa5c8c54b1d32c28b?pvs=21)",sujay@composio.dev,Composio 2 Pack Late 2025 (https://www.notion.so/Composio-2-Pack-Late-2025-27ac26b3b4f980069ec9d60d6a16fc16?pvs=21),0/2,0/2,Done
Morph LLM,"Morph LLM 1 (https://www.notion.so/Morph-LLM-1-27ac26b3b4f9802d8139d64b44477448?pvs=21), Morph LLM 2 (https://www.notion.so/Morph-LLM-2-27ac26b3b4f98005a0daeb0408bca1f0?pvs=21)",,Morph LLM 2 Pack Late 2025 (https://www.notion.so/Morph-LLM-2-Pack-Late-2025-27ac26b3b4f980c49f73f763685417a7?pvs=21),0/2,0/2,Done
Greptile,"Greptile 1 (https://www.notion.so/Greptile-1-27fc26b3b4f9807497a8fe4049d3a02b?pvs=21), Greptile 2 (https://www.notion.so/Greptile-2-27fc26b3b4f980e6bb2ac930016d9e74?pvs=21), Greptile 3 (FREE AD) (https://www.notion.so/Greptile-3-FREE-AD-29ac26b3b4f980dcaeb3d08c27fc6d49?pvs=21), Greptile Nov 25-1 (https://www.notion.so/Greptile-Nov-25-1-2a8c26b3b4f9800f8c51d253fe58b9e2?pvs=21), Greptile Jan 26-1 (https://www.notion.so/Greptile-Jan-26-1-2a8c26b3b4f9801ea068f8856dd49b90?pvs=21), Greptile Dec 25-1 (https://www.notion.so/Greptile-Dec-25-1-2a8c26b3b4f9809a9df8cbff6985d8d0?pvs=21), Greptile Dec 25-2 (https://www.notion.so/Greptile-Dec-25-2-2a8c26b3b4f9808ba79ffb6020c3c0a1?pvs=21), Greptile Jan 26-2 (https://www.notion.so/Greptile-Jan-26-2-2a8c26b3b4f9801e9aa4e7c2b10dd961?pvs=21), Greptile Feb 26-1 (https://www.notion.so/Greptile-Feb-26-1-2a8c26b3b4f980ae90afc029d42fdb11?pvs=21), Greptile Feb 26-2 (https://www.notion.so/Greptile-Feb-26-2-2a8c26b3b4f980c99fe4c001237dac9c?pvs=21), Greptile Mar 26-1 (https://www.notion.so/Greptile-Mar-26-1-2a8c26b3b4f980ebb440f3510f832883?pvs=21), Greptile Mar 26-2 (https://www.notion.so/Greptile-Mar-26-2-2a8c26b3b4f980e28122f3b46098c43f?pvs=21), Greptile Apr 26-1 (https://www.notion.so/Greptile-Apr-26-1-2a8c26b3b4f9800ba48add19a0af5cd2?pvs=21), Greptile Apr 26-2 (https://www.notion.so/Greptile-Apr-26-2-2a8c26b3b4f9800e986cf77374653c8b?pvs=21), Greptile May 26-1 (https://www.notion.so/Greptile-May-26-1-2a8c26b3b4f98034ac59e7e2117adc0d?pvs=21), Greptile May 26-2 (https://www.notion.so/Greptile-May-26-2-2a8c26b3b4f98079a8c6cf37f56a53bf?pvs=21), Greptile Jun 26-1 (https://www.notion.so/Greptile-Jun-26-1-2a8c26b3b4f9805d88d3fb5bb14e32c9?pvs=21), Greptile Jun 26-2 (https://www.notion.so/Greptile-Jun-26-2-2a8c26b3b4f9803fbbc5cbbb8a4ad243?pvs=21), Greptile Jul 26-1 (https://www.notion.so/Greptile-Jul-26-1-2a8c26b3b4f980aab608ef11aefceaa9?pvs=21), Greptile Jul 26-2 (https://www.notion.so/Greptile-Jul-26-2-2a8c26b3b4f980b1b45cc449e31bfdcf?pvs=21), Greptile Aug 26-1 (https://www.notion.so/Greptile-Aug-26-1-2a8c26b3b4f980ecb8cffdb82febefd8?pvs=21), Greptile Aug 26-2 (https://www.notion.so/Greptile-Aug-26-2-2a8c26b3b4f980e6aadffbf39b8a63ab?pvs=21), Greptile Sep 26-1 (https://www.notion.so/Greptile-Sep-26-1-2a8c26b3b4f9804f8168dfee22eebc08?pvs=21), Greptile Sep 26-2 (https://www.notion.so/Greptile-Sep-26-2-2a8c26b3b4f98060a0dfe42910392fe6?pvs=21), Greptile Oct 26-1 (https://www.notion.so/Greptile-Oct-26-1-2a8c26b3b4f98097a4efe63bddf29179?pvs=21), Greptile Oct 26-2 (https://www.notion.so/Greptile-Oct-26-2-2a8c26b3b4f9808795a9c9228460dae6?pvs=21), Greptile Nov 26-1 (https://www.notion.so/Greptile-Nov-26-1-2a8c26b3b4f980279590e3a6ed4f9ef2?pvs=21)",rahul@greptile.com,"Greptile 2 Pack 2025 (https://www.notion.so/Greptile-2-Pack-2025-27fc26b3b4f980398aaafd69c410d723?pvs=21), Greptile Annual 1 (https://www.notion.so/Greptile-Annual-1-2a8c26b3b4f980e6b8ecde05877ceb22?pvs=21)",6/27,6/27,Done
Rork,"Rork 1 (https://www.notion.so/Rork-1-27fc26b3b4f9800baf6ce3f27da40ee6?pvs=21), Rork 2 (https://www.notion.so/Rork-2-27fc26b3b4f980caba1df7181949848f?pvs=21)",daniel@rorkai.com,Rork 2 Pack 2025 (https://www.notion.so/Rork-2-Pack-2025-27fc26b3b4f980bfa37fc2cc3090fc43?pvs=21),1/2,1/2,Done
Modal,"Modal 1 (https://www.notion.so/Modal-1-27fc26b3b4f98053b100de6a8225092c?pvs=21), Modal 2 (https://www.notion.so/Modal-2-27fc26b3b4f98094b1c4c17a749c4b53?pvs=21)",kenny@modal.com,Modal 2 Pack 2025 (https://www.notion.so/Modal-2-Pack-2025-27fc26b3b4f9804c822ec16aee14f43c?pvs=21),2/2,2/2,Done
"Factory ","Factory 1 (https://www.notion.so/Factory-1-27fc26b3b4f98098bfa5cf79e0bd17f7?pvs=21), Factory 2 (https://www.notion.so/Factory-2-27fc26b3b4f980b5bcefc83b8f8d0d0d?pvs=21)",,Factory 2 Pack 2025 (https://www.notion.so/Factory-2-Pack-2025-27fc26b3b4f980658405d99765eb8229?pvs=21),0/2,0/2,Done
SpacetimeDB,"SpacetimeDB 1 (https://www.notion.so/SpacetimeDB-1-27fc26b3b4f9807bb9efe19b6ed469e3?pvs=21), SpacetimeDB 2 (https://www.notion.so/SpacetimeDB-2-27fc26b3b4f980c09517ff0c994e581c?pvs=21)",,,0/2,0/2,Done
tuple,"Tuple 1 (https://www.notion.so/Tuple-1-28dc26b3b4f98006908beed3a007f415?pvs=21), Tuple 2 (https://www.notion.so/Tuple-2-28dc26b3b4f98078bd76d1cd81c126ab?pvs=21)",,Tuple 2 Pack 2025 (https://www.notion.so/Tuple-2-Pack-2025-28dc26b3b4f9802d9f1ed6349c9d7841?pvs=21),1/2,1/2,Done
Choicely,"Choicely 1 (https://www.notion.so/Choicely-1-28dc26b3b4f98031b800c9933f73fb62?pvs=21), Choicely 2 (https://www.notion.so/Choicely-2-28dc26b3b4f9802489e9ee4c4971387b?pvs=21)",,Choicely 2 Pack 2025 (https://www.notion.so/Choicely-2-Pack-2025-28dc26b3b4f98054ba74d047d6c7af71?pvs=21),0/2,0/2,Negotiating
Tinybird,"Tinybird 1 (https://www.notion.so/Tinybird-1-28dc26b3b4f980f48e4feb23de279a5c?pvs=21), Tinybird 2 (https://www.notion.so/Tinybird-2-28dc26b3b4f980bfba1df74bc2a8a65d?pvs=21)",,Tinybird 2 Pack 2025 (https://www.notion.so/Tinybird-2-Pack-2025-28dc26b3b4f980878c74ce89732639b1?pvs=21),0/2,0/2,Done
jFrog,"jfrog 1 (https://www.notion.so/jfrog-1-28dc26b3b4f980d7a18bea1ecb1edbce?pvs=21), jfrog 2 (https://www.notion.so/jfrog-2-28dc26b3b4f980818216e31ed0210928?pvs=21)",,jFrog 2 Pack 2025 (https://www.notion.so/jFrog-2-Pack-2025-28dc26b3b4f9806683f4cabffd75be58?pvs=21),0/2,0/2,Done
Wispr Flow,"Wispr 1 (https://www.notion.so/Wispr-1-2d5c26b3b4f98026b56dfbc561476271?pvs=21), Wispr 2 (https://www.notion.so/Wispr-2-2d5c26b3b4f980d3a9e7ca118b2a3ded?pvs=21)",,,0/2,0/2,Done
Dnsimple,"Dnsimple 1 (https://www.notion.so/Dnsimple-1-2a8c26b3b4f98084a350ca57de1d6718?pvs=21), Dnsimple 2 (https://www.notion.so/Dnsimple-2-2a8c26b3b4f9802d93b6da36bb95998a?pvs=21)",,DNS Simple 2 Pack 2025 (https://www.notion.so/DNS-Simple-2-Pack-2025-2a8c26b3b4f980dbbd74e39dd0f82194?pvs=21),0/2,0/2,Done
Railway,"Railway 1 (https://www.notion.so/Railway-1-2c5c26b3b4f9808581f5fde01bd58c3e?pvs=21), Railway 2 (https://www.notion.so/Railway-2-2c5c26b3b4f980c2ad7fe58f1ca18832?pvs=21)",,Railway 2 Pack 2025 (https://www.notion.so/Railway-2-Pack-2025-2c5c26b3b4f980499c65d904b5f317b1?pvs=21),0/2,0/2,Done
RWX,"RWX 1 (https://www.notion.so/RWX-1-2dec26b3b4f9807895f7e41a99ba0ead?pvs=21), RWX 2 (https://www.notion.so/RWX-2-2dec26b3b4f9809aa440d5395ed55c1f?pvs=21)",dave@rwx.com,RWX 2 Pack 2026 (https://www.notion.so/RWX-2-Pack-2026-2dec26b3b4f980bdb2e8dc642122b379?pvs=21),0/2,0/2,Done
Deep Source,"DeepSource 1 (https://www.notion.so/DeepSource-1-2dec26b3b4f980398e4dc7f1d2c8e433?pvs=21), DeepSource 2 (https://www.notion.so/DeepSource-2-2dec26b3b4f98083a78ef9d0033f8c9e?pvs=21)",sanket@deepsource.io,Deep Source 2 Pack 2026 (https://www.notion.so/Deep-Source-2-Pack-2026-2dec26b3b4f98057b31dc875e1f63728?pvs=21),0/2,0/2,Done
Kernel,"Kernel Jan 26-1 (https://www.notion.so/Kernel-Jan-26-1-2dec26b3b4f980b8b5e1c34704aaf879?pvs=21), Kernel Jan 26-2 (https://www.notion.so/Kernel-Jan-26-2-2dec26b3b4f980fda825f69cbdcd9938?pvs=21), Kernel Feb 26-1 (https://www.notion.so/Kernel-Feb-26-1-2dec26b3b4f9805181c3dd3c947436a9?pvs=21), Kernel Feb 26-2 (https://www.notion.so/Kernel-Feb-26-2-2dec26b3b4f980c2b34bcce15da2dcc0?pvs=21), Kernel Mar 26-1 (https://www.notion.so/Kernel-Mar-26-1-2dec26b3b4f980dc88dfc90eff1774c7?pvs=21), Kernel Mar 26-2 (https://www.notion.so/Kernel-Mar-26-2-2dec26b3b4f98088b649e60069dc3085?pvs=21), Kernel Apr 26-1 (https://www.notion.so/Kernel-Apr-26-1-2dec26b3b4f9807e8b26ee6e1a891eca?pvs=21), Kernel Apr 26-2 (https://www.notion.so/Kernel-Apr-26-2-2dec26b3b4f98088b102df677c945fb8?pvs=21), Kernel May 26-1 (https://www.notion.so/Kernel-May-26-1-2dec26b3b4f980b297d3f9b62881b82b?pvs=21), Kernel May 26-2 (https://www.notion.so/Kernel-May-26-2-2dec26b3b4f980e2aee5e37460e8ef08?pvs=21), Kernel Jun 26-1 (https://www.notion.so/Kernel-Jun-26-1-2dec26b3b4f9808db936d9de48a0b64f?pvs=21), Kernel Jun 26-2 (https://www.notion.so/Kernel-Jun-26-2-2dec26b3b4f980168bc0f08f6db4ef33?pvs=21)",gabriel@onkernel.com,Kernel Gold Jan-Jun 2026 (https://www.notion.so/Kernel-Gold-Jan-Jun-2026-2dec26b3b4f9800da620f78bdce194c1?pvs=21),0/12,0/12,Done
Milkstraw,"Milkstraw 1 (https://www.notion.so/Milkstraw-1-2dec26b3b4f98096ba96cdb2125dfc80?pvs=21), Milkstraw 2 (https://www.notion.so/Milkstraw-2-2dec26b3b4f9805c9ce5eb2a03c56562?pvs=21)",jawad@milkstraw.ai,Milkstraw 2 Pack 2026 (https://www.notion.so/Milkstraw-2-Pack-2026-2dec26b3b4f98041abcbd7ec960dcc56?pvs=21),0/2,0/2,Done
Trigger.dev,"Trigger.dev 1 (https://www.notion.so/Trigger-dev-1-2dec26b3b4f98060913cc65bc7642e2a?pvs=21), Trigger.dev 1 (1) (https://www.notion.so/Trigger-dev-1-1-2dec26b3b4f980349207cd83e2f4e813?pvs=21)",eric@trigger.dev,Trigger.dev 2 Pack 2026 (https://www.notion.so/Trigger-dev-2-Pack-2026-2dec26b3b4f98004b554c0969293c189?pvs=21),0/2,0/2,Done
MagicPatterns,"MagicPatterns 1 (https://www.notion.so/MagicPatterns-1-2dec26b3b4f980f18f08d8791634b7a8?pvs=21), MagicPatterns 2 (https://www.notion.so/MagicPatterns-2-2dec26b3b4f98058a4e4f9b7b4f39c1d?pvs=21)",alex@magicpatterns.com,MagicPatterns 2 Pack 2026 (https://www.notion.so/MagicPatterns-2-Pack-2026-2dec26b3b4f980f39222dd9a8891abee?pvs=21),0/2,0/2,Done
BIG TRIANGLE,"v0 1 (https://www.notion.so/v0-1-2dec26b3b4f9800e8cb2d34eb3015d5a?pvs=21), v0 2 (https://www.notion.so/v0-2-2dec26b3b4f9808cacb1ca956f52d480?pvs=21)",alli.pope@vercel.com,v0 2 Pack 2026 (https://www.notion.so/v0-2-Pack-2026-2dec26b3b4f98018b462e4ea4589ebe9?pvs=21),0/2,0/2,Done
http://Sent.dm,"Sent.dm 1 (https://www.notion.so/Sent-dm-1-2dec26b3b4f980438ea7c80fed6f8c3b?pvs=21), Sent.dm 2 (https://www.notion.so/Sent-dm-2-2dec26b3b4f9802b876bcddc646c67c2?pvs=21)",d@sent.dm,Sent.dm 2 Pack 2026 (https://www.notion.so/Sent-dm-2-Pack-2026-2dec26b3b4f980488ae4c2947c108c9c?pvs=21),0/2,0/2,Done